学生id,性别,成绩指标,出发点,目的地
14785,男,63.26403373,浙江省绍兴,浙江省宁波
14799,男,55.76857931,宁海,浙江省宁波
14806,女,62.21334758,安徽省铜陵,浙江省宁波
14835,女,71.20204835,浙江省淳安,浙江省宁波
14840,男,56.28386557,鄞州,浙江省宁波
14844,女,70.84658741,黑龙江省黑龙江,浙江省宁波
14848,男,53.94348051,朝阳,浙江省宁波
14869,男,60.58424611,江西省江西,浙江省宁波
14876,女,60.68651643,鄞州,浙江省宁波
14881,女,53.83401671,奉化,浙江省宁波
14887,男,54.6225304,浙江省浙江,浙江省宁波
14891,男,52.20873586,重庆,浙江省宁波
14893,男,49.06649065,慈溪,浙江省宁波
14896,男,49.64582886,浙江省奉化,浙江省宁波
14899,男,69.11177531,浙江省临安,浙江省宁波
14903,男,64.40553412,江西省赣州,浙江省宁波
14907,男,48.81391689,浙江省龙游,浙江省宁波
14909,男,49.9433494,浙江省定海,浙江省宁波
14910,男,45.66371707,河南省商丘,浙江省宁波
14915,男,51.49857233,安徽省上,浙江省宁波
14916,男,55.13719035,浙江省温州,浙江省宁波
14917,男,59.39959924,安徽省濉溪,浙江省宁波
14924,男,46.63997067,乐清,浙江省宁波
14930,男,55.46397271,余姚,浙江省宁波
14932,男,57.50897379,江西省江西,浙江省宁波
14933,男,44.66158452,浙江省天台,浙江省宁波
14942,男,48.92719179,浙江省绍兴,浙江省宁波
15006,女,60.95816303,浙江省奉化,浙江省宁波
15008,男,52.97540875,浙江省浙江,浙江省宁波
14717,女,53.26474994,宁波市曙光中,浙江省宁波
14536,女,72.52441713,宁波市鄞州区,浙江省宁波
14571,女,74.519003,宁波市鄞州区,浙江省宁波
14697,女,68.59634846,浙江省嵊州,浙江省宁波
14734,女,69.91738256,河南省汝南,浙江省宁波
14576,男,66.4645703,江西省吉安,浙江省宁波
14654,女,65.82423136,义乌,浙江省宁波
14579,女,63.42296838,浙江省舟山,浙江省宁波
13947,女,77.37589764,浙江省温岭,浙江省宁波
13960,女,91.78598843,浙江省鄞州,浙江省宁波
13967,女,87.32135453,河北省地,浙江省宁波
13975,女,87.94044073,鄞州,浙江省宁波
13978,女,70.95405079,四川省四川,浙江省宁波
14000,男,76.22484017,鄞州,浙江省宁波
14008,女,76.61358341,四川省邻水,浙江省宁波
14024,男,67.66072254,浙江省奉化,浙江省宁波
14029,女,85.11082133,浙江省武义,浙江省宁波
14031,女,87.57314668,奉化,浙江省宁波
14045,女,82.97041341,浙江省奉化,浙江省宁波
14101,女,74.91013309,浙江省义乌,浙江省宁波
14117,女,82.43122949,浙江省奉化,浙江省宁波
14136,男,71.29913207,浙江省余姚,浙江省宁波
14141,男,82.82532194,陕西省西安,浙江省宁波
14165,女,81.71317123,浙江省宁海,浙江省宁波
14185,女,59.90715371,陕西省陕西,浙江省宁波
14187,男,79.88325057,浙江省浙江,浙江省宁波
14201,男,52.15184977,浙江省黄岩,浙江省宁波
14213,男,58.85230015,綦江,浙江省宁波
14229,女,75.33921119,浙江省象山,浙江省宁波
14261,女,72.39151795,浙江省奉化,浙江省宁波
14262,女,66.7678358,奉化,浙江省宁波
14312,男,67.40096173,浙江省台州,浙江省宁波
14314,男,46.5041367,上虞,浙江省宁波
14321,女,76.87903625,山西省芮城,浙江省宁波
14322,女,86.17901713,鄞州,浙江省宁波
14334,女,57.98494552,山东省鱼台,浙江省宁波
14350,男,70.83093218,乐清,浙江省宁波
14366,男,56.56969973,浙江省奉化,浙江省宁波
14467,女,55.68708406,浙江省嵊州,浙江省宁波
14491,男,58.0512987,浙江省临海,浙江省宁波
14493,男,45.37844843,乐清,浙江省宁波
14499,男,62.87110673,安徽省潜山,浙江省宁波
14508,男,52.68484534,江苏省江苏,浙江省宁波
14518,女,82.81955202,江西省乐安,浙江省宁波
14543,男,82.71942347,慈溪,浙江省宁波
14551,女,81.70857633,江西省宜春,浙江省宁波
14555,女,57.48200478,嵊州,浙江省宁波
14562,女,81.2887668,四川省南充,浙江省宁波
14564,女,57.49681441,浙江省岱山,浙江省宁波
14577,女,85.90452269,浙江省台州,浙江省宁波
14578,女,63.2306266,萧山,浙江省宁波
14623,女,60.08289983,鄞州,浙江省宁波
14640,女,55.62530806,浙江省舟山,浙江省宁波
14661,女,80.36765081,浙江省台州,浙江省宁波
14688,男,56.338003,浙江省余姚,浙江省宁波
14723,男,73.76595949,浙江省新昌,浙江省宁波
14761,女,75.73316952,浙江省温岭,浙江省宁波
14811,男,78.79101357,河北省石家庄,浙江省宁波
14817,女,69.86100423,甘肃省庆阳,浙江省宁波
14818,女,70.24650467,浙江省湖州,浙江省宁波
14821,女,85.56608625,湖南省桃江,浙江省宁波
14838,女,61.60597093,浙江省象山,浙江省宁波
14864,女,70.64567061,鄞州,浙江省宁波
14872,女,60.10392895,浙江省衢州,浙江省宁波
14873,男,78.66878245,奉化,浙江省宁波
14875,女,74.05118966,山东省济宁,浙江省宁波
14884,男,53.35314276,浙江省嘉兴,浙江省宁波
14898,男,62.81934096,安徽省阜阳,浙江省宁波
14906,男,47.33914164,浙江省杭州,浙江省宁波
14913,男,73.68907067,湖北省广水,浙江省宁波
14914,男,47.202314,衢州,浙江省宁波
14918,男,44.65243764,浙江省宁海,浙江省宁波
14925,男,65.50344897,湖南省益阳,浙江省宁波
14834,男,68.17264354,浙江省奉化,浙江省宁波
14842,男,67.31244782,浙江省鄞州,浙江省宁波
14711,男,69.31648389,浙江省仙居,浙江省宁波
14217,男,64.12423018,浙江省慈溪,浙江省宁波
14459,女,69.47662569,山西,浙江省宁波
14465,女,62.4635096,三门,浙江省宁波
14471,女,66.64501602,浙江省绍兴,浙江省宁波
14472,女,70.5544593,浙江省诸暨,浙江省宁波
14475,女,79.9460087,浙江省桐乡,浙江省宁波
14478,女,78.69085106,浙江省宁海,浙江省宁波
14483,男,75.79631942,鄞州,浙江省宁波
14489,男,62.42044929,浙江省仙居,浙江省宁波
14492,男,74.21126154,福建省明溪,浙江省宁波
14498,男,71.86547833,浙江省象山,浙江省宁波
14501,男,75.63738585,辽宁大连,浙江省宁波
14503,男,61.69194027,瑞安,浙江省宁波
14561,女,76.87815397,河南省光山,浙江省宁波
14598,女,85.7571199,陕西省宝鸡,浙江省宁波
14748,女,74.88083004,山西省临猗,浙江省宁波
14781,男,70.88229038,浙江省奉化,浙江省宁波
14885,男,51.31576129,安徽省宣州,浙江省宁波
14010,男,50.44486004,河南省信阳,浙江省宁波
14375,男,58.30918681,浙江省上虞,浙江省宁波
14812,男,55.71950406,湖南省娄底,浙江省宁波
14303,男,49.31788605,辽宁省辽宁,浙江省宁波
13998,男,58.95929848,鄞州,浙江省宁波
14055,女,69.71962584,浙江省余姚,浙江省宁波
14199,女,76.43705121,湖北省鄂州,浙江省宁波
14235,男,48.29471147,浙江省宁海,浙江省宁波
14317,女,61.07270554,长寿,浙江省宁波
14049,男,79.35468035,浙江省奉化,浙江省宁波
14127,女,69.82498726,吉林省吉林,浙江省宁波
14131,女,54.45251015,湖北省钟祥,浙江省宁波
14138,女,64.41376406,浙江省杭州,浙江省宁波
14309,男,74.43246553,鄞州,浙江省宁波
14670,女,59.83735941,新昌,浙江省宁波
14710,男,59.6198987,河北省唐山,浙江省宁波
14789,女,53.91631611,鄞州,浙江省宁波
14042,女,82.31961821,浙江省临海,浙江省宁波
14075,男,48.54306692,浙江省鄞,浙江省宁波
14078,女,63.21998089,浙江省鄞,浙江省宁波
14105,女,61.45399147,浙江省永康,浙江省宁波
14147,女,72.02114992,浙江省临海,浙江省宁波
14158,男,54.78743414,浙江省桐庐,浙江省宁波
14168,男,34.82386938,浙江省象山,浙江省宁波
14173,男,56.80982404,浙江省温岭,浙江省宁波
14208,男,67.73555158,浙江省余姚,浙江省宁波
14252,男,61.02074121,浙江省余姚,浙江省宁波
14267,男,40.59447912,浙江省余姚,浙江省宁波
14283,女,38.84806417,辽宁省葫芦岛,浙江省宁波
14327,男,59.30770105,安徽省枞阳,浙江省宁波
14333,女,60.29167803,湖南省湖南,浙江省宁波
14341,女,52.37700171,江苏省邗江,浙江省宁波
14351,女,67.40396879,江苏省邳州,浙江省宁波
13990,女,73.59622141,慈溪,浙江省宁波
13992,女,83.26187982,浙江省萧山,浙江省宁波
13993,女,84.2184298,慈溪,浙江省宁波
14004,女,87.99494653,浙江省永康,浙江省宁波
14013,女,86.02854803,浙江省宁海,浙江省宁波
14017,男,72.94764996,福建省晋江,浙江省宁波
14027,女,79.1680939,浙江省舟山,浙江省宁波
14047,女,81.61823909,浙江省余姚,浙江省宁波
14051,女,80.3543323,浙江省奉化,浙江省宁波
14053,女,86.51180679,余姚,浙江省宁波
14061,女,70.79940451,浙江省象山,浙江省宁波
14063,女,81.92994226,江西省丰城,浙江省宁波
14069,女,63.3972306,浙江省鄞州,浙江省宁波
14071,女,61.60579242,浙江省衢州,浙江省宁波
14072,女,53.84460011,浙江省奉化,浙江省宁波
14076,女,66.39388378,浙江省东阳,浙江省宁波
14079,男,67.52479184,山东省微山,浙江省宁波
14487,男,66.90677988,浙江省江,浙江省宁波
14524,男,69.7573611,浙江省东阳,浙江省宁波
14788,女,85.10876466,江苏省金湖,浙江省宁波
14542,女,75.04716024,浙江省余姚,浙江省宁波
14630,男,64.81250106,浙江省舟山,浙江省宁波
14548,男,55.81732498,上海,浙江省宁波
14854,女,61.2259315,黑龙江省佳木,浙江省宁波
14890,男,55.613529,江苏省如皋,浙江省宁波
14160,男,66.33622841,浙江省舟山,浙江省宁波
15902,男,74.31908678,福建省莆田,浙江省宁波
15475,女,49.50189056,浙江省绍兴,浙江省宁波
15626,女,69.55081642,浙江省宁海,浙江省宁波
15642,男,69.84672331,浙江省象山,浙江省宁波
15791,男,72.75776239,浙江省鄞州,浙江省宁波
15901,女,69.25262878,奉化,浙江省宁波
13971,女,59.15975574,浙江省象山,浙江省宁波
14001,男,61.39940565,慈溪,浙江省宁波
14302,男,58.00245971,浙江省温州,浙江省宁波
14181,男,54.26337376,上虞,浙江省宁波
14040,男,69.85131039,陕西省岐山,浙江省宁波
14073,男,53.08569956,浙江省岱山,浙江省宁波
13980,男,72.62503252,浙江省临海,浙江省宁波
13965,男,84.13425183,浙江省温岭,浙江省宁波
13983,男,68.31973979,浙江省奉化,浙江省宁波
14114,男,70.93662403,江西省赣州,浙江省宁波
14036,男,60.35998074,江苏省高邮,浙江省宁波
14145,男,58.09035036,浙江省舟山,浙江省宁波
14110,男,74.56101814,浙江省临海,浙江省宁波
13972,男,64.60859559,浙江省浙江,浙江省宁波
14371,男,66.10211689,甘肃兰州,浙江省宁波
14251,女,68.08956722,湖南省洞口,浙江省宁波
14361,女,51.45239541,浙江省三门,浙江省宁波
14184,女,68.97088537,湖北省云梦,浙江省宁波
14125,女,49.34926632,湖南省湖南,浙江省宁波
14135,女,71.14059053,台州,浙江省宁波
16029,女,80.36377692,安徽省蒙城,浙江省宁波
15510,女,80.28076194,浙江省义乌,浙江省宁波
16079,男,78.54987223,浙江省开化,浙江省宁波
15792,男,86.1135855,浙江省湖州,浙江省宁波
15672,男,70.81086023,浙江省天台,浙江省宁波
15831,男,62.43986333,浙江省永康,浙江省宁波
15689,男,74.21754972,桃源街,浙江省宁波
15679,男,78.60520472,浙江省奉化,浙江省宁波
15738,女,68.87398769,义乌,浙江省宁波
15953,男,60.24121417,海盐,浙江省宁波
15530,女,70.79288386,浙江省温岭,浙江省宁波
16139,男,57.52604019,河南省沈丘,浙江省宁波
16060,女,69.07426797,鄞州,浙江省宁波
15839,男,65.50807153,甘肃省民乐,浙江省宁波
15741,男,67.01937497,江苏省赣榆,浙江省宁波
15833,女,73.40346406,安徽省东至,浙江省宁波
15524,男,64.94418786,浙江省三门,浙江省宁波
15630,女,69.53467458,浙江省新昌,浙江省宁波
15588,女,57.76910907,上海,浙江省宁波
15722,男,68.76596458,浙江省舟山,浙江省宁波
15769,男,75.65299768,安徽省界首,浙江省宁波
15705,男,59.16043758,浙江省嵊州,浙江省宁波
15660,女,79.67467214,安徽省舒城,浙江省宁波
16028,女,75.92627053,鄞州,浙江省宁波
16052,女,71.22299667,绍兴,浙江省宁波
15636,女,66.12965067,浙江省鄞州,浙江省宁波
16051,男,63.91075308,浙江省绍兴,浙江省宁波
16067,女,50.53112833,江苏省盐城,浙江省宁波
16077,女,56.78779333,江西省萍乡,浙江省宁波
15936,男,50.46608833,浙江省金华,浙江省宁波
15952,男,39.39662306,鄞州,浙江省宁波
14591,女,73.42173121,浙江省舟山,浙江省宁波
14519,女,70.55601222,江西省鄱阳,浙江省宁波
14694,女,75.30967088,鄞州,浙江省宁波
14828,女,83.6911259,海曙,浙江省宁波
14843,男,63.45728467,江北,浙江省宁波
14652,女,68.55069789,山东省山东,浙江省宁波
14656,女,74.22121822,中国,浙江省宁波
14282,女,69.61550631,安徽省歙,浙江省宁波
14050,女,78.64275416,浙江省宁海,浙江省宁波
14353,女,53.61580249,江苏省如东,浙江省宁波
14274,女,43.96358435,浙江省嵊州,浙江省宁波
14311,女,59.10539175,海曙,浙江省宁波
14355,女,39.00366502,江苏省南京,浙江省宁波
14190,女,53.86807585,中国,浙江省宁波
14269,女,45.37597472,浙江省象山,浙江省宁波
14151,女,67.34376764,浙江省慈溪,浙江省宁波
14171,女,50.25535713,浙江省余姚,浙江省宁波
14216,男,83.854484,浙江省慈溪,浙江省宁波
14360,男,46.28033855,浙江省台州,浙江省宁波
14120,男,59.86797987,浙江省诸暨,浙江省宁波
14196,男,62.90310605,浙江省永嘉,浙江省宁波
14044,女,61.59829267,浙江省宁海,浙江省宁波
14139,男,72.45655009,江西省萍乡,浙江省宁波
14313,男,63.99530071,浙江省宁海,浙江省宁波
14324,男,66.61340572,浙江省天台,浙江省宁波
14067,男,67.28736537,鄞州,浙江省宁波
14178,男,59.24763566,鄞州,浙江省宁波
14253,男,74.30100449,浙江省文成,浙江省宁波
14200,男,75.54991707,浙江省余姚,浙江省宁波
14222,男,64.19808897,浙江省瑞安,浙江省宁波
14342,男,77.12886639,浙江省舟山,浙江省宁波
14086,男,73.21231965,浙江省鄞州,浙江省宁波
14088,女,70.10439163,安徽省天长,浙江省宁波
14095,男,71.45375596,湖北省汉川,浙江省宁波
14115,女,73.63014022,安徽省安庆,浙江省宁波
14122,女,73.57875977,浙江省舟山,浙江省宁波
14126,男,65.57859641,江西省丰城,浙江省宁波
14140,男,82.28789632,安徽省望江,浙江省宁波
14150,女,45.94703495,福建省福鼎,浙江省宁波
14154,女,52.44834144,浙江省天台,浙江省宁波
14155,女,74.83572565,合肥,浙江省宁波
14156,女,54.84784691,浙江省奉化,浙江省宁波
14159,男,75.4244273,东阳,浙江省宁波
14163,女,60.52631737,浙江省余姚,浙江省宁波
14166,女,69.26371146,浙江省上虞,浙江省宁波
14167,女,66.4514824,浙江省象山,浙江省宁波
14169,女,69.51806393,安徽省安庆,浙江省宁波
14176,女,53.30389936,湖北省宜昌,浙江省宁波
14179,女,81.18780431,安徽省黄山,浙江省宁波
14180,女,52.60408764,浙江省义乌,浙江省宁波
14182,男,69.70194466,鄞州,浙江省宁波
14183,男,77.85318775,安徽省阜阳,浙江省宁波
14186,女,63.46681712,广东省广东,浙江省宁波
14194,男,47.41466735,浙江省海宁,浙江省宁波
14198,女,52.10574989,四川省四川,浙江省宁波
14209,女,62.69705405,浙江省淳安,浙江省宁波
14604,男,53.39503452,浙江省泰顺,浙江省宁波
14765,女,65.56339791,海曙,浙江省宁波
14681,男,58.77294268,江苏省如皋,浙江省宁波
14549,女,47.16754257,浙江省平湖,浙江省宁波
14672,女,56.48227462,安徽省安徽,浙江省宁波
14225,女,67.17410926,浙江省奉化,浙江省宁波
14343,女,62.05041759,浙江省绍兴,浙江省宁波
14359,女,66.39225216,河南省荥阳,浙江省宁波
15656,男,67.22270083,浙江省义乌,浙江省宁波
15800,女,63.57827336,浙江省临海,浙江省宁波
15841,男,62.87209694,浙江省兰溪,浙江省宁波
15507,男,58.83182928,江西省上饶,浙江省宁波
15632,男,65.26557528,浙江省奉化,浙江省宁波
15515,男,53.22605639,浙江省临海,浙江省宁波
15589,女,61.17345139,象山,浙江省宁波
15693,男,82.78571561,北仑,浙江省宁波
15868,女,72.1518815,浙江省慈溪,浙江省宁波
15668,女,76.62474032,鄞州,浙江省宁波
15678,男,74.72451664,浙江省象山,浙江省宁波
15838,女,72.24139124,江西省江西,浙江省宁波
15605,男,76.66575736,鄞州,浙江省宁波
15628,男,52.40412694,宁海,浙江省宁波
15881,男,66.04651919,江苏省江苏,浙江省宁波
15725,女,74.70175381,山东省蒙阴,浙江省宁波
15573,女,65.97460103,江苏省南京,浙江省宁波
16136,男,68.50309506,福建省莆田,浙江省宁波
15752,女,75.50052159,浙江省宁海,浙江省宁波
15680,男,73.40686033,浙江省绍兴,浙江省宁波
15463,男,64.11674539,浙江省诸暨,浙江省宁波
15505,女,62.72119694,江西省江西,浙江省宁波
15907,男,60.8469425,浙江省台州,浙江省宁波
15932,男,63.22526058,浙江省余姚,浙江省宁波
15596,男,61.36449056,奉化,浙江省宁波
15767,男,78.84052402,浙江省奉化,浙江省宁波
15843,女,60.04733778,余姚,浙江省宁波
15887,女,76.51649672,浙江省绍兴,浙江省宁波
16042,男,66.14090278,江苏省宿迁,浙江省宁波
15912,男,59.87157781,湖南省湘潭,浙江省宁波
15943,男,65.88500444,浙江省开化,浙江省宁波
15479,女,67.54956656,浙江省天台,浙江省宁波
16140,女,75.385759,湖北省京山,浙江省宁波
15751,男,65.66214083,浙江省余姚,浙江省宁波
16063,女,69.54997889,江西省鄱阳,浙江省宁波
15504,女,44.68284361,鄞州,浙江省宁波
15956,男,45.76536333,浙江省开化,浙江省宁波
15921,男,44.72689333,安徽省阜阳,浙江省宁波
14574,女,62.58529184,黑龙江省阿城,浙江省宁波
14783,男,77.30642727,浙江省浙江,浙江省宁波
14653,男,71.7560243,浙江省诸暨,浙江省宁波
14831,女,59.99808859,浙江省浙江,浙江省宁波
14540,女,48.61845956,浙江省奉化,浙江省宁波
14657,男,42.65152397,湖南省湖南,浙江省宁波
14329,女,60.77627653,贵州省瓮安,浙江省宁波
15547,男,61.31357056,海曙,浙江省宁波
15566,男,64.72120203,浙江省奉化,浙江省宁波
15558,男,59.57869389,安徽省黄山,浙江省宁波
15778,女,61.03475728,浙江省鄞州,浙江省宁波
15925,男,61.67659903,浙江省三门,浙江省宁波
15593,男,47.61035444,江北,浙江省宁波
15535,女,53.46744222,江西省宜丰,浙江省宁波
15794,女,78.28046904,鄞州,浙江省宁波
15473,男,68.31190411,奉化,浙江省宁波
15595,男,74.11737867,浙江省临海,浙江省宁波
15807,女,67.73921,河北省唐山,浙江省宁波
15905,男,51.93221083,浙江省乐清,浙江省宁波
15544,女,67.06971167,鄞州,浙江省宁波
15808,女,78.22769783,浙江省余姚,浙江省宁波
15745,男,59.75848222,江西省樟树,浙江省宁波
15903,男,65.26881111,湖南省湖南,浙江省宁波
15627,男,60.71982694,鄞州,浙江省宁波
15696,女,76.51073778,浙江省余姚,浙江省宁波
15757,女,72.70417136,鄞州,浙江省宁波
15732,女,69.14150083,江西省宜春,浙江省宁波
15674,男,70.75548444,湖北省湖北,浙江省宁波
15719,女,64.78205683,湖北省湖北,浙江省宁波
15822,女,73.75216511,江苏省昆山,浙江省宁波
14230,男,71.80816463,崇明,浙江省宁波
14234,男,51.48538181,镇海,浙江省宁波
14239,女,42.00405777,湖南省邵阳,浙江省宁波
14240,女,67.04230311,浙江省鄞州,浙江省宁波
14249,女,81.16546338,浙江省浙江,浙江省宁波
14254,女,81.29583189,慈溪,浙江省宁波
14255,女,69.39828433,定海,浙江省宁波
14257,女,73.86640655,象山,浙江省宁波
14259,女,64.53392678,浙江省临海,浙江省宁波
14260,女,67.01368569,浙江省奉化,浙江省宁波
14263,女,60.74186138,湖南省南,浙江省宁波
14265,女,58.88672857,陕西省陕西,浙江省宁波
14268,女,60.62767384,安徽省石台,浙江省宁波
14271,女,50.75037508,高桥镇,浙江省宁波
14279,男,70.88235921,河北省蔚,浙江省宁波
14298,女,58.93751503,浙江省象山,浙江省宁波
14328,男,49.97585873,浙江省奉化,浙江省宁波
14335,男,62.1556232,江西省上饶,浙江省宁波
14352,男,69.98573853,湖南永州,浙江省宁波
14365,女,61.32642732,江西省江西,浙江省宁波
14379,女,63.71161854,台湾省台北,浙江省宁波
14537,女,83.53048915,浙江省绍兴,浙江省宁波
14560,女,83.35279372,浙江省诸暨,浙江省宁波
14593,女,83.59545669,河南省陕,浙江省宁波
14594,女,78.09471269,浙江省缙云,浙江省宁波
14628,女,90.64245919,新昌,浙江省宁波
14631,男,70.71677374,浙江省奉化,浙江省宁波
14634,男,75.18584545,定海,浙江省宁波
14639,女,70.45380631,建德,浙江省宁波
14250,女,63.28716084,浙江省天台,浙江省宁波
13973,女,81.09352468,浙江省象山,浙江省宁波
14354,男,58.02309991,慈溪,浙江省宁波
14197,男,65.03155514,岱山,浙江省宁波
16058,女,66.44835408,福建省福清,浙江省宁波
14713,男,58.69211298,衢州,浙江省宁波
15955,男,45.85903694,江苏省泗阳,浙江省宁波
14780,女,49.02526237,浙江省杭州,浙江省宁波
14905,男,44.65277989,浙江省慈溪,浙江省宁波
14902,男,40.87704976,浙江省奉化,浙江省宁波
16160,女,46.21326139,海曙,浙江省宁波
14521,女,59.77626585,江西省上饶,浙江省宁波
14664,女,45.48684938,安徽省安徽,浙江省宁波
14750,女,56.8534101,鄞州,浙江省宁波
14888,男,52.30598068,浙江省湖州,浙江省宁波
14525,女,51.20030446,浙江省温岭,浙江省宁波
15951,男,55.85681194,浙江省奉化,浙江省宁波
15959,男,48.34369111,浙江省安吉,浙江省宁波
14805,男,56.94809897,椒江,浙江省宁波
14931,男,44.44855475,四川省大竹,浙江省宁波
15911,男,40.83561111,浙江省东阳,浙江省宁波
15920,男,65.24144306,浙江省宁海,浙江省宁波
15947,男,46.65634139,浙江省永康,浙江省宁波
15590,男,59.01958472,浙江省上虞,浙江省宁波
14590,男,52.52685708,江苏省泰州,浙江省宁波
14601,男,49.66540697,湖北省黄梅,浙江省宁波
15944,男,45.01007778,浙江省余姚,浙江省宁波
15489,女,52.84635833,浙江省宁海,浙江省宁波
15928,男,53.14055139,浙江省遂昌,浙江省宁波
16125,男,49.41192586,浙江省宁海,浙江省宁波
15498,女,46.17800083,山东省济宁,浙江省宁波
15582,男,51.96159894,浙江省丽水,浙江省宁波
14572,女,46.56992704,浙江省富阳,浙江省宁波
15916,男,60.01561397,浙江省永嘉,浙江省宁波
15923,男,39.15088389,浙江省翠,浙江省宁波
15931,男,50.59518661,浙江省海盐,浙江省宁波
15963,男,47.6360375,河北省邢台,浙江省宁波
16134,女,57.04963472,皖,浙江省宁波
16100,女,59.50173833,山东省寿,浙江省宁波
16158,女,54.10259667,贵州省遵义,浙江省宁波
14684,男,47.01261928,浙江省象山,浙江省宁波
15731,男,52.85971975,浙江省临海,浙江省宁波
15918,男,46.76938889,陕西省礼泉,浙江省宁波
15946,男,43.69642,东钱湖,浙江省宁波
14527,男,50.19702739,浙甬,浙江省宁波
14596,男,57.92537871,浙江省奉化,浙江省宁波
14929,男,43.34604075,福建省建阳,浙江省宁波
16152,女,44.21060583,鄞州,浙江省宁波
16148,女,51.48640417,浙江省象山,浙江省宁波
16132,女,64.80527556,浙江省浙江,浙江省宁波
14624,男,67.48940087,浙江省宁海,浙江省宁波
14725,女,58.52024649,宁海,浙江省宁波
14911,男,46.05487591,浙江省兰溪,浙江省宁波
14940,男,52.50558233,浙江省台州,浙江省宁波
14892,男,50.30795583,富阳,浙江省宁波
14364,女,40.04748475,湖南省株洲,浙江省宁波
14288,男,40.54286016,浙江省浙江,浙江省宁波
14068,女,48.56886763,浙江省象山,浙江省宁波
14174,男,44.92713609,浙江省象山,浙江省宁波
14064,女,50.55745876,黑龙江省伊春,浙江省宁波
14221,男,45.58971575,浙江省象山,浙江省宁波
14339,女,45.05845938,浙江省宁海,浙江省宁波
14210,男,48.62624973,江西省江西,浙江省宁波
14305,男,46.47224111,象山,浙江省宁波
14319,女,58.32992459,浙江省慈溪,浙江省宁波
14369,男,57.75338333,余姚,浙江省宁波
14242,女,51.62952686,浙江省浙江,浙江省宁波
14673,女,61.83301257,湖南省怀化,浙江省宁波
14690,女,69.61978912,浙江省富阳,浙江省宁波
14746,女,64.44733846,鄞州,浙江省宁波
14769,男,79.60655872,江苏省无锡,浙江省宁波
14809,男,76.23855215,浙江省长兴,浙江省宁波
14522,女,60.29209692,甘肃省庆阳,浙江省宁波
14861,女,53.82775997,浙江省余姚,浙江省宁波
15934,男,63.13254933,浙江省东阳,浙江省宁波
15950,男,52.00212806,黑龙江省龙江,浙江省宁波
15954,男,42.94038689,浙江省慈溪,浙江省宁波
15477,男,56.07292917,甘肃省武威,浙江省宁波
15634,男,41.70900083,浙江省象山,浙江省宁波
15002,女,36.5975031,江西省新余,浙江省宁波
14857,男,70.1458599,山西大同,浙江省宁波
14868,男,53.19367175,河南省光山,浙江省宁波
15857,男,59.96622233,浙江省舟山,浙江省宁波
15600,男,46.82958667,鄞州,浙江省宁波
15939,男,51.81139556,浙江省浙江,浙江省宁波
15506,女,68.78733931,江西省永修,浙江省宁波
14615,女,43.06574783,江东,浙江省宁波
15675,女,73.00886278,鄞州,浙江省宁波
15938,男,55.13939983,浙江省象山,浙江省宁波
16147,女,48.05987472,浙江省浙江,浙江省宁波
14943,男,34.09778608,浙江省浙江,浙江省宁波
14866,男,48.42949954,江西省赣州,浙江省宁波
14886,男,49.08466924,浙江省东阳,浙江省宁波
15646,男,67.87924167,浙江省余姚,浙江省宁波
15818,女,52.4940725,浙江省开化,浙江省宁波
15948,男,53.22481917,浙江省杭州,浙江省宁波
15945,男,59.10027069,浙江省开化,浙江省宁波
16124,男,61.68352583,浙江省象山,浙江省宁波
15512,男,50.06620056,浙江省永嘉,浙江省宁波
16070,男,55.47133639,四川省广元,浙江省宁波
14830,男,40.92072478,安徽省怀宁,浙江省宁波
15471,女,50.30213861,浙江省浦江,浙江省宁波
15940,男,52.95548722,浙江省金华,浙江省宁波
15522,女,60.43878778,浙江省岱山,浙江省宁波
15531,男,52.59032583,浙江省奉化,浙江省宁波
14895,男,48.0290433,浙江省慈溪,浙江省宁波
15922,男,58.56252978,柯桥,浙江省宁波
15464,女,63.17161556,象山,浙江省宁波
15638,男,73.97058578,黑龙江省哈尔,浙江省宁波
16084,男,66.69083983,浙江省龙游,浙江省宁波
16142,女,52.43226056,四川省中江,浙江省宁波
15549,男,64.90663278,浙江省象山,浙江省宁波
15476,女,46.98468278,湖北省湖北,浙江省宁波
15599,男,58.26230833,浙江省江山,浙江省宁波
15962,男,46.56372194,浙江省金华,浙江省宁波
14647,男,80.25367937,浙江省海宁,浙江省宁波
14860,女,54.80455575,浙江省余姚,浙江省宁波
14852,女,55.7087264,浙江省慈溪,浙江省宁波
15614,男,46.67497111,山东省海阳,浙江省宁波
15645,男,54.52719778,浙江省奉化,浙江省宁波
15927,男,45.50486833,浙江省东阳,浙江省宁波
15930,男,57.83373792,丽水,浙江省宁波
16145,女,56.1185575,海曙,浙江省宁波
15710,女,64.58788583,鄞州,浙江省宁波
16082,女,55.13391167,浙江省临安,浙江省宁波
14762,男,74.11792325,浙江省浙江,浙江省宁波
14825,男,50.79428341,江苏省高邮,浙江省宁波
14592,男,51.43299613,镇海,浙江省宁波
15935,男,63.02839461,浙江省杭州,浙江省宁波
16150,男,51.76104972,海曙,浙江省宁波
14605,女,66.9127097,湖北省英山,浙江省宁波
14691,女,64.64809517,福建省柘荣,浙江省宁波
14702,男,66.86639468,浙江省余姚,浙江省宁波
16061,男,72.04153375,嘉善,浙江省宁波
15913,男,60.74106,四川省筠连,浙江省宁波
15958,男,50.2524825,富阳,浙江省宁波
15579,女,68.11473556,浙江省温州,浙江省宁波
15586,男,68.68964778,浙江省台州,浙江省宁波
16135,男,55.56010678,安徽省阜南,浙江省宁波
15735,女,72.14643054,鄞州,浙江省宁波
16048,女,71.92048594,浙江省龙游,浙江省宁波
15640,女,50.52287028,浙江省宁海,浙江省宁波
16080,女,61.74128831,江苏省江苏,浙江省宁波
14563,男,68.49497903,湖南省湘乡,浙江省宁波
15526,男,48.81785528,慈溪,浙江省宁波
16059,女,59.79101139,安徽省安徽,浙江省宁波
15571,女,62.73119611,浙江省奉化,浙江省宁波
15631,男,58.97694806,安徽省铜陵,浙江省宁波
15780,男,67.76863136,浙江省余姚,浙江省宁波
16110,男,60.09670083,辽宁省瓦房店,浙江省宁波
15501,女,67.31100561,慈溪,浙江省宁波
15556,男,60.11019111,鄞州,浙江省宁波
15565,女,68.54401783,浙江省余姚,浙江省宁波
14686,女,67.61185922,浙江省余姚,浙江省宁波
14597,男,73.95666097,浙江省鄞州,浙江省宁波
14635,男,79.42573329,江苏省吴江,浙江省宁波
15007,男,49.27661678,浙江省普陀,浙江省宁波
15583,女,62.21818056,鄞州,浙江省宁波
15643,女,48.48297861,鄞州,浙江省宁波
15492,男,55.13865083,湖南省浏阳,浙江省宁波
15521,男,55.66065167,浙江省东阳,浙江省宁波
16108,女,74.667486,浙江省富阳,浙江省宁波
15622,男,51.3844325,浙江省浙江,浙江省宁波
16128,女,53.05766861,奉化,浙江省宁波
14648,男,84.67432083,湖北省巴东,浙江省宁波
14517,女,71.20505428,河南省商城,浙江省宁波
15790,女,63.13837,海曙,浙江省宁波
15721,女,75.20558361,浙江省宁海,浙江省宁波
15621,女,62.69686439,江苏省兴化,浙江省宁波
15472,男,59.54462169,象山,浙江省宁波
15602,男,59.52016744,陕西省蒲城,浙江省宁波
15904,男,62.64728211,浙江省东阳,浙江省宁波
15910,男,45.45240139,浙江省平阳,浙江省宁波
15957,男,50.22929222,浙江省奉化,浙江省宁波
16081,女,62.62146281,江苏省滨海,浙江省宁波
16157,男,40.45925528,浙江省三门,浙江省宁波
14539,男,71.20734787,浙江省鄞,浙江省宁波
14674,女,76.46086968,湖南省祁阳,浙江省宁波
14678,男,52.49216267,江西省江西,浙江省宁波
14804,女,69.57069888,浙江省海宁,浙江省宁波
14822,女,53.29227278,奉化,浙江省宁波
13968,男,81.52340069,浙江省奉化,浙江省宁波
13970,男,64.02291382,江苏省吴江,浙江省宁波
13986,男,64.91449729,浙江省象山,浙江省宁波
14084,男,79.6353726,浙江省慈溪,浙江省宁波
14097,男,65.47863086,海曙,浙江省宁波
14276,女,39.86683534,辽宁省辽宁,浙江省宁波
14337,男,65.13582196,江西省樟树,浙江省宁波
14611,女,78.03499062,浙江省温州,浙江省宁波
14719,男,44.12896521,浙江省浙江,浙江省宁波
14849,女,61.3573853,四川省邻水,浙江省宁波
13963,女,63.17050712,山东省青岛,浙江省宁波
13966,女,79.43655655,浙江省奉化,浙江省宁波
14106,男,76.29410174,江苏省仪征,浙江省宁波
14270,男,62.70038965,江西省九江,浙江省宁波
14349,男,60.09902413,湖北省黄梅,浙江省宁波
13962,女,88.88765236,浙江省松阳,浙江省宁波
13984,女,69.82211269,安徽省阜阳,浙江省宁波
13989,女,90.06520157,浙江省江山,浙江省宁波
14152,女,68.72590491,浙江省温岭,浙江省宁波
13974,女,80.70693843,浙江省奉化,浙江省宁波
13958,女,70.65710124,陕西省富平,浙江省宁波
13969,男,64.15878029,鄞州,浙江省宁波
13985,男,62.88414744,北京,浙江省宁波
14003,女,74.15996502,浙江省宁海,浙江省宁波
14005,女,61.93211844,浙江省天台,浙江省宁波
14041,男,66.03090877,甘肃省会宁,浙江省宁波
14142,女,64.61913478,浦江,浙江省宁波
14701,男,79.92690818,浙江省奉化,浙江省宁波
14704,女,84.54768158,江东,浙江省宁波
14760,女,82.47532053,海曙,浙江省宁波
14792,女,71.09185197,浙江省黄岩,浙江省宁波
14796,女,65.68694917,浙江省慈溪,浙江省宁波
14935,男,45.03644923,浙江省绍兴,浙江省宁波
14941,男,45.00984268,山东省鱼台,浙江省宁波
14714,男,60.58954484,江西省九江,浙江省宁波
14771,男,53.39993079,广西,浙江省宁波
14936,男,62.5524706,浙江省衢州,浙江省宁波
14528,女,87.12340485,浙江省象山,浙江省宁波
14533,女,57.34103627,江苏省淮安,浙江省宁波
14580,女,69.26888277,浙江省鄞州,浙江省宁波
14599,女,60.72500002,浙江省天台,浙江省宁波
14641,男,68.62880465,浙江省新昌,浙江省宁波
14696,女,69.9145935,浙江省余姚,浙江省宁波
14699,女,70.72053243,浙江省奉化,浙江省宁波
14709,男,45.07386648,奉化,浙江省宁波
14718,女,71.40802887,浙江省浦江,浙江省宁波
14755,男,63.12618193,河南省河南,浙江省宁波
14778,女,64.54548578,慈溪,浙江省宁波
14845,女,56.22233181,浙江省浙江,浙江省宁波
14862,女,77.22891787,中国,浙江省宁波
14557,男,72.0940755,浙江省东阳,浙江省宁波
14679,男,80.43548464,浙江省慈溪,浙江省宁波
14280,男,47.347412,江西省九江,浙江省宁波
14212,男,61.68879245,鄞州,浙江省宁波
14218,男,63.98367815,湖北省钟祥,浙江省宁波
13954,男,31.32212539,浙江省杭州,浙江省宁波
14189,女,46.64826172,浙江省慈溪,浙江省宁波
14497,男,72.84487815,奉化,浙江省宁波
14148,男,58.35097106,安徽省桐城,浙江省宁波
14480,男,75.42856512,浙江省象山,浙江省宁波
14485,男,48.76062667,浙江省温州,浙江省宁波
14340,男,60.02985277,安徽省庐,浙江省宁波
14782,女,79.04829281,浦江,浙江省宁波
14622,女,80.34368552,浙江省舟山,浙江省宁波
16137,女,58.28560424,江西省上饶,浙江省宁波
13999,男,68.24602508,浙江省临海,浙江省宁波
15564,男,68.28368333,鄞州,浙江省宁波
15723,男,81.06998383,湖北省石首,浙江省宁波
15538,女,67.08971556,浙江省台州,浙江省宁波
15799,女,66.13151856,浙江省天台,浙江省宁波
15490,男,69.17693339,浙江省丽水,浙江省宁波
16062,女,68.69402844,安徽省广德,浙江省宁波
15704,女,81.69504914,浙江省慈溪,浙江省宁波
15726,女,80.58638838,湖北省湖北,浙江省宁波
16149,女,65.79496552,中国,浙江省宁波
15462,女,67.19269464,山东省聊城,浙江省宁波
15720,女,72.306854,浙江省余姚,浙江省宁波
15853,女,72.39981247,北仑,浙江省宁波
15892,女,72.08895411,浙江省杭州,浙江省宁波
15502,男,75.78208244,浙江省上虞,浙江省宁波
15728,男,73.39848189,河南省河南,浙江省宁波
15862,女,82.10878181,浙江省金华,浙江省宁波
15657,男,72.23570469,上虞,浙江省宁波
15480,女,68.50055556,安徽省合肥,浙江省宁波
15782,女,69.79584064,江苏省泰兴,浙江省宁波
16118,男,65.14168769,余杭,浙江省宁波
15768,男,70.19355403,奉化,浙江省宁波
15886,女,70.85025911,浙江省江东,浙江省宁波
16038,男,66.94126556,浙江省温岭,浙江省宁波
16055,男,58.59602722,湖北省松滋,浙江省宁波
15875,男,69.29057739,浙江省常山,浙江省宁波
15789,女,80.82512122,江苏省南通,浙江省宁波
15528,男,61.00197883,湖北省大悟,浙江省宁波
15709,女,67.77339284,陕西省华,浙江省宁波
15743,男,76.34843583,浙江省天台,浙江省宁波
15906,男,80.84360039,浙江省兰溪,浙江省宁波
15470,男,75.79918526,浙江省平阳,浙江省宁波
15755,男,68.73393225,浙江省浙江,浙江省宁波
15663,女,75.69768691,浙江省东阳,浙江省宁波
15503,男,74.17494974,江西省江西,浙江省宁波
15797,男,54.60608028,建德,浙江省宁波
14612,男,78.3727922,余姚,浙江省宁波
15697,男,56.93117528,江西省吉安,浙江省宁波
15805,男,57.39373861,海曙,浙江省宁波
15897,男,65.71688497,奉化,浙江省宁波
15474,女,62.65615475,浙江省温岭,浙江省宁波
15919,男,61.15209528,浙江省余姚,浙江省宁波
15937,男,53.14435556,浙江省杭州,浙江省宁波
15849,男,77.16600181,宁海,浙江省宁波
15665,男,68.69346361,浙江省杭州,浙江省宁波
15481,女,70.51792719,湖南省平江,浙江省宁波
16071,男,68.07969908,浙江省浦江,浙江省宁波
15541,男,69.67651997,岱山,浙江省宁波
15779,男,81.57446625,海曙,浙江省宁波
15869,女,69.09962906,重庆,浙江省宁波
15655,男,71.67700564,浙江省乐清,浙江省宁波
15810,男,71.46681611,奉化,浙江省宁波
13952,男,68.57844194,河南省固始,浙江省宁波
13976,女,83.23828678,浙江省慈溪,浙江省宁波
13982,男,63.41506985,江苏省东台,浙江省宁波
13950,男,68.88473135,浙江省宁海,浙江省宁波
14030,女,68.61456911,诸暨,浙江省宁波
15829,男,60.19904167,浙江省浦江,浙江省宁波
15559,男,62.97373889,余姚,浙江省宁波
15511,男,59.05142028,河南省禹州,浙江省宁波
16115,男,66.50898842,浙江省宁海,浙江省宁波
15859,男,66.04881169,浙江省奉化,浙江省宁波
15654,男,72.95921614,浙江省三门,浙江省宁波
15576,男,57.63837753,浙江省宁海,浙江省宁波
15891,男,75.02798314,浙江省鄞州,浙江省宁波
15682,男,75.33210967,浙江省温岭,浙江省宁波
15516,男,82.80789441,四川省南充,浙江省宁波
15552,男,65.14826331,湖南省茶陵,浙江省宁波
15724,男,77.85938264,福建省霞浦,浙江省宁波
15787,男,54.07296,浙江省武义,浙江省宁波
16090,女,69.61639853,海曙,浙江省宁波
16094,男,67.79932028,安徽省巢湖,浙江省宁波
16103,女,59.74920253,湖南省怀化,浙江省宁波
15960,男,51.62430386,浙江省湖州,浙江省宁波
16114,男,66.24854083,浙江省仙居,浙江省宁波
16130,女,61.55989208,浙江省三门,浙江省宁波
16131,男,58.759043,浙江省三门,浙江省宁波
15894,男,55.76605056,咸祥镇,浙江省宁波
15895,女,57.89603806,浙江省象山,浙江省宁波
15625,女,48.47373806,浙江省象山,浙江省宁波
15811,男,54.12098039,浙江省庆元,浙江省宁波
15949,男,45.79478111,浙江省桐庐,浙江省宁波
15488,男,64.63588167,江苏省宿迁,浙江省宁波
16141,女,63.9912865,湖南省邵阳,浙江省宁波
14554,女,68.90522234,浙江省江山,浙江省宁波
15933,男,67.332039,建德,浙江省宁波
15909,男,59.05441639,浙江省衢州,浙江省宁波
15500,男,67.57569722,慈溪,浙江省宁波
15578,男,56.17292694,辽宁抚顺,浙江省宁波
15796,女,68.07281172,江西省波阳,浙江省宁波
15633,男,54.21366556,山东省济南,浙江省宁波
15681,女,55.21786028,浙江省绍兴,浙江省宁波
15879,女,71.04140014,奉化,浙江省宁波
15852,男,67.37315169,慈溪,浙江省宁波
15730,男,64.37330639,浙江省象山,浙江省宁波
15899,男,73.06078675,浙江省慈溪,浙江省宁波
16068,男,59.57196608,湖北省天门,浙江省宁波
14733,女,49.5107523,浙江省台州,浙江省宁波
16054,男,64.57157164,湖南省双峰,浙江省宁波
15827,女,65.76494569,浙江省宁海,浙江省宁波
15486,女,60.31757992,奉化,浙江省宁波
15873,女,53.40704083,浙江省诸暨,浙江省宁波
15644,女,66.98328108,浙江省义乌,浙江省宁波
15861,女,81.52864947,陕西省陕西,浙江省宁波
15677,男,76.22279573,四川省永川,浙江省宁波
15716,男,77.5081035,浙江省象山,浙江省宁波
15542,女,77.06375133,安徽省桐城,浙江省宁波
15826,女,81.78102163,余姚,浙江省宁波
15647,女,83.08672832,鄞州,浙江省宁波
15823,男,70.16731789,中国,浙江省宁波
15816,男,76.96077753,浙江省余姚,浙江省宁波
15497,男,80.62847275,浙江省浙江,浙江省宁波
15864,女,78.08706692,浙江省东阳,浙江省宁波
15806,女,77.78871972,浙江省台州,浙江省宁波
15688,女,65.65514167,江西省临川,浙江省宁波
15676,男,72.87195486,鄞州,浙江省宁波
15856,男,56.89950472,江北,浙江省宁波
16133,男,70.21612038,安徽省安庆,浙江省宁波
15708,男,55.31237806,象山,浙江省宁波
16030,女,72.601799,安徽省安徽,浙江省宁波
16053,男,73.86225781,浙江省永康,浙江省宁波
